power,heartRate,cadence,time
165.0,124.0,77.0,601.0
164.0,125.0,78.0,602.0
164.0,125.0,78.0,603.0
165.0,125.0,77.0,604.0
164.0,126.0,77.0,605.0
165.0,126.0,77.0,606.0
165.0,126.0,77.0,607.0
164.0,126.0,77.0,608.0
165.0,125.0,77.0,609.0
165.0,125.0,76.0,610.0
165.0,125.0,76.0,611.0
164.0,126.0,77.0,612.0
165.0,126.0,77.0,613.0
165.0,125.0,77.0,614.0
166.0,124.0,78.0,615.0
167.0,123.0,79.0,616.0
166.0,123.0,81.0,617.0
164.0,123.0,82.0,618.0
164.0,123.0,81.0,619.0
165.0,121.0,81.0,620.0
164.0,121.0,81.0,621.0
164.0,120.0,81.0,622.0
164.0,122.0,81.0,623.0
165.0,122.0,81.0,624.0
164.0,120.0,80.0,625.0
164.0,120.0,79.0,626.0
164.0,121.0,79.0,627.0
165.0,121.0,79.0,628.0
165.0,121.0,79.0,629.0
165.0,121.0,80.0,630.0
165.0,121.0,79.0,631.0
164.0,121.0,79.0,632.0
165.0,122.0,79.0,633.0
166.0,122.0,80.0,634.0
164.0,122.0,80.0,635.0
166.0,122.0,80.0,636.0
165.0,122.0,81.0,637.0
166.0,123.0,81.0,638.0
164.0,123.0,83.0,639.0
164.0,124.0,82.0,640.0
164.0,124.0,81.0,641.0
165.0,125.0,79.0,642.0
164.0,126.0,79.0,643.0
164.0,127.0,79.0,644.0
165.0,127.0,79.0,645.0
165.0,127.0,79.0,646.0
165.0,127.0,80.0,647.0
166.0,126.0,80.0,648.0
164.0,125.0,81.0,649.0
164.0,124.0,81.0,650.0
163.0,122.0,80.0,651.0
164.0,121.0,79.0,652.0
164.0,121.0,79.0,653.0
163.0,121.0,79.0,654.0
165.0,122.0,78.0,655.0
165.0,123.0,78.0,656.0
165.0,123.0,78.0,657.0
165.0,124.0,78.0,658.0
165.0,125.0,78.0,659.0
164.0,125.0,79.0,660.0
165.0,126.0,78.0,661.0
164.0,126.0,78.0,662.0
164.0,126.0,78.0,663.0
164.0,127.0,78.0,664.0
165.0,127.0,78.0,665.0
165.0,127.0,78.0,666.0
164.0,128.0,77.0,667.0
165.0,128.0,77.0,668.0
164.0,128.0,76.0,669.0
164.0,128.0,76.0,670.0
164.0,128.0,77.0,671.0
164.0,128.0,77.0,672.0
164.0,128.0,77.0,673.0
165.0,128.0,77.0,674.0
165.0,128.0,78.0,675.0
165.0,129.0,77.0,676.0
165.0,129.0,77.0,677.0
164.0,129.0,78.0,678.0
165.0,128.0,77.0,679.0
165.0,128.0,78.0,680.0
164.0,128.0,77.0,681.0
164.0,127.0,76.0,682.0
165.0,127.0,76.0,683.0
165.0,127.0,76.0,684.0
165.0,127.0,77.0,685.0
166.0,127.0,78.0,686.0
163.0,127.0,78.0,687.0
164.0,127.0,78.0,688.0
165.0,127.0,78.0,689.0
164.0,127.0,77.0,690.0
165.0,127.0,78.0,691.0
164.0,127.0,77.0,692.0
164.0,127.0,77.0,693.0
164.0,127.0,77.0,694.0
165.0,127.0,76.0,695.0
165.0,127.0,77.0,696.0
166.0,127.0,77.0,697.0
164.0,127.0,77.0,698.0
164.0,128.0,77.0,699.0
164.0,128.0,76.0,700.0
166.0,128.0,77.0,701.0
165.0,128.0,77.0,702.0
164.0,128.0,77.0,703.0
165.0,128.0,77.0,704.0
164.0,129.0,76.0,705.0
165.0,129.0,77.0,706.0
166.0,130.0,76.0,707.0
164.0,130.0,77.0,708.0
164.0,130.0,78.0,709.0
164.0,130.0,78.0,710.0
165.0,130.0,78.0,711.0
165.0,131.0,78.0,712.0
164.0,130.0,77.0,713.0
165.0,130.0,77.0,714.0
164.0,130.0,77.0,715.0
165.0,130.0,78.0,716.0
166.0,130.0,76.0,717.0
164.0,130.0,77.0,718.0
164.0,130.0,77.0,719.0
165.0,130.0,76.0,720.0
165.0,130.0,76.0,721.0
164.0,129.0,76.0,722.0
165.0,129.0,76.0,723.0
165.0,129.0,76.0,724.0
166.0,129.0,76.0,725.0
165.0,129.0,77.0,726.0
165.0,129.0,79.0,727.0
164.0,129.0,78.0,728.0
164.0,129.0,78.0,729.0
165.0,128.0,78.0,730.0
164.0,128.0,78.0,731.0
165.0,128.0,79.0,732.0
163.0,128.0,79.0,733.0
164.0,128.0,79.0,734.0
164.0,128.0,79.0,735.0
164.0,128.0,78.0,736.0
164.0,128.0,79.0,737.0
165.0,128.0,77.0,738.0
163.0,128.0,77.0,739.0
165.0,128.0,76.0,740.0
166.0,128.0,75.0,741.0
165.0,128.0,77.0,742.0
165.0,128.0,76.0,743.0
165.0,128.0,77.0,744.0
165.0,128.0,77.0,745.0
166.0,128.0,77.0,746.0
165.0,127.0,78.0,747.0
165.0,127.0,80.0,748.0
164.0,126.0,79.0,749.0
164.0,125.0,78.0,750.0
165.0,125.0,78.0,751.0
164.0,125.0,79.0,752.0
165.0,123.0,78.0,753.0
164.0,122.0,77.0,754.0
165.0,122.0,77.0,755.0
164.0,122.0,77.0,756.0
164.0,123.0,77.0,757.0
165.0,123.0,77.0,758.0
165.0,122.0,77.0,759.0
165.0,120.0,77.0,760.0
165.0,118.0,77.0,761.0
166.0,117.0,77.0,762.0
165.0,116.0,77.0,763.0
165.0,117.0,77.0,764.0
164.0,118.0,77.0,765.0
164.0,119.0,77.0,766.0
164.0,120.0,77.0,767.0
164.0,118.0,78.0,768.0
164.0,119.0,76.0,769.0
165.0,118.0,76.0,770.0
165.0,118.0,76.0,771.0
164.0,117.0,77.0,772.0
165.0,116.0,78.0,773.0
163.0,116.0,77.0,774.0
164.0,114.0,77.0,775.0
164.0,115.0,76.0,776.0
165.0,117.0,76.0,777.0
165.0,118.0,77.0,778.0
165.0,120.0,75.0,779.0
164.0,120.0,75.0,780.0
164.0,121.0,75.0,781.0
166.0,120.0,75.0,782.0
166.0,119.0,76.0,783.0
166.0,119.0,77.0,784.0
166.0,119.0,79.0,785.0
164.0,119.0,79.0,786.0
163.0,119.0,81.0,787.0
164.0,117.0,80.0,788.0
164.0,117.0,79.0,789.0
165.0,116.0,77.0,790.0
164.0,116.0,76.0,791.0
165.0,117.0,76.0,792.0
169.0,118.0,77.0,793.0
164.0,117.0,79.0,794.0
163.0,117.0,82.0,795.0
165.0,118.0,81.0,796.0
164.0,119.0,79.0,797.0
164.0,120.0,79.0,798.0
165.0,119.0,78.0,799.0
164.0,118.0,78.0,800.0
164.0,116.0,77.0,801.0
164.0,116.0,77.0,802.0
163.0,116.0,77.0,803.0
165.0,118.0,77.0,804.0
164.0,118.0,76.0,805.0
165.0,118.0,76.0,806.0
166.0,116.0,76.0,807.0
164.0,114.0,76.0,808.0
164.0,114.0,77.0,809.0
164.0,114.0,76.0,810.0
165.0,114.0,77.0,811.0
164.0,112.0,77.0,812.0
165.0,114.0,78.0,813.0
165.0,116.0,78.0,814.0
164.0,118.0,77.0,815.0
165.0,120.0,77.0,816.0
164.0,122.0,77.0,817.0
164.0,123.0,76.0,818.0
164.0,123.0,76.0,819.0
166.0,122.0,76.0,820.0
164.0,121.0,76.0,821.0
165.0,122.0,76.0,822.0
165.0,121.0,76.0,823.0
165.0,121.0,75.0,824.0
164.0,120.0,76.0,825.0
165.0,119.0,75.0,826.0
165.0,119.0,75.0,827.0
165.0,117.0,75.0,828.0
164.0,117.0,75.0,829.0
164.0,117.0,77.0,830.0
165.0,116.0,76.0,831.0
165.0,115.0,75.0,832.0
164.0,113.0,75.0,833.0
165.0,111.0,75.0,834.0
163.0,109.0,75.0,835.0
165.0,109.0,75.0,836.0
165.0,110.0,75.0,837.0
165.0,109.0,75.0,838.0
164.0,111.0,76.0,839.0
164.0,113.0,77.0,840.0
164.0,115.0,76.0,841.0
163.0,117.0,75.0,842.0
165.0,119.0,74.0,843.0
165.0,120.0,73.0,844.0
165.0,121.0,73.0,845.0
165.0,122.0,73.0,846.0
166.0,121.0,73.0,847.0
165.0,119.0,74.0,848.0
165.0,117.0,75.0,849.0
167.0,116.0,76.0,850.0
165.0,116.0,77.0,851.0
165.0,116.0,78.0,852.0
164.0,114.0,77.0,853.0
164.0,114.0,77.0,854.0
165.0,112.0,77.0,855.0
163.0,111.0,76.0,856.0
165.0,110.0,75.0,857.0
166.0,112.0,75.0,858.0
166.0,112.0,75.0,859.0
164.0,112.0,75.0,860.0
164.0,112.0,76.0,861.0
164.0,111.0,76.0,862.0
164.0,110.0,76.0,863.0
165.0,110.0,76.0,864.0
165.0,110.0,76.0,865.0
165.0,111.0,76.0,866.0
165.0,111.0,75.0,867.0
163.0,111.0,75.0,868.0
164.0,112.0,75.0,869.0
165.0,113.0,74.0,870.0
164.0,111.0,75.0,871.0
166.0,113.0,74.0,872.0
166.0,115.0,75.0,873.0
164.0,117.0,75.0,874.0
165.0,119.0,76.0,875.0
165.0,120.0,77.0,876.0
164.0,121.0,75.0,877.0
166.0,121.0,75.0,878.0
165.0,122.0,75.0,879.0
164.0,124.0,75.0,880.0
165.0,122.0,77.0,881.0
166.0,120.0,77.0,882.0
167.0,119.0,80.0,883.0
164.0,119.0,81.0,884.0
164.0,118.0,81.0,885.0
163.0,117.0,80.0,886.0
163.0,116.0,78.0,887.0
165.0,117.0,77.0,888.0
164.0,116.0,76.0,889.0
166.0,115.0,76.0,890.0
163.0,115.0,77.0,891.0
164.0,114.0,76.0,892.0
165.0,114.0,76.0,893.0
165.0,114.0,76.0,894.0
165.0,116.0,76.0,895.0
163.0,117.0,77.0,896.0
164.0,118.0,76.0,897.0
165.0,120.0,76.0,898.0
165.0,121.0,76.0,899.0
164.0,123.0,76.0,900.0
165.0,124.0,76.0,901.0
165.0,125.0,76.0,902.0
163.0,125.0,75.0,903.0
164.0,126.0,75.0,904.0
164.0,126.0,74.0,905.0
166.0,126.0,74.0,906.0
164.0,127.0,74.0,907.0
167.0,128.0,75.0,908.0
165.0,128.0,75.0,909.0
164.0,129.0,77.0,910.0
164.0,129.0,78.0,911.0
162.0,131.0,78.0,912.0
165.0,132.0,76.0,913.0
165.0,133.0,76.0,914.0
164.0,133.0,75.0,915.0
165.0,133.0,74.0,916.0
165.0,132.0,75.0,917.0
165.0,131.0,74.0,918.0
166.0,130.0,74.0,919.0
164.0,131.0,75.0,920.0
164.0,132.0,75.0,921.0
164.0,133.0,75.0,922.0
163.0,134.0,77.0,923.0
162.0,135.0,77.0,924.0
165.0,135.0,75.0,925.0
166.0,135.0,75.0,926.0
166.0,135.0,76.0,927.0
165.0,134.0,76.0,928.0
164.0,133.0,76.0,929.0
165.0,135.0,75.0,930.0
163.0,136.0,74.0,931.0
165.0,135.0,74.0,932.0
165.0,134.0,73.0,933.0
164.0,131.0,73.0,934.0
165.0,129.0,73.0,935.0
165.0,128.0,73.0,936.0
166.0,130.0,73.0,937.0
164.0,128.0,73.0,938.0
164.0,126.0,73.0,939.0
165.0,124.0,73.0,940.0
165.0,123.0,73.0,941.0
164.0,123.0,73.0,942.0
164.0,123.0,74.0,943.0
164.0,123.0,73.0,944.0
165.0,123.0,72.0,945.0
166.0,121.0,72.0,946.0
166.0,121.0,72.0,947.0
165.0,121.0,73.0,948.0
165.0,120.0,74.0,949.0
166.0,120.0,76.0,950.0
163.0,122.0,77.0,951.0
164.0,123.0,76.0,952.0
164.0,124.0,76.0,953.0
164.0,124.0,75.0,954.0
164.0,120.0,75.0,955.0
164.0,118.0,74.0,956.0
164.0,116.0,74.0,957.0
164.0,116.0,74.0,958.0
165.0,120.0,74.0,959.0
164.0,120.0,73.0,960.0
165.0,121.0,72.0,961.0
164.0,122.0,72.0,962.0
165.0,123.0,73.0,963.0
166.0,124.0,73.0,964.0
166.0,125.0,74.0,965.0
166.0,123.0,75.0,966.0
165.0,123.0,76.0,967.0
163.0,122.0,77.0,968.0
164.0,121.0,77.0,969.0
164.0,120.0,76.0,970.0
163.0,121.0,75.0,971.0
166.0,122.0,74.0,972.0
165.0,121.0,74.0,973.0
164.0,120.0,75.0,974.0
164.0,118.0,73.0,975.0
164.0,116.0,73.0,976.0
164.0,114.0,73.0,977.0
165.0,114.0,73.0,978.0
164.0,113.0,74.0,979.0
165.0,114.0,73.0,980.0
165.0,115.0,73.0,981.0
164.0,117.0,73.0,982.0
165.0,117.0,73.0,983.0
165.0,117.0,73.0,984.0
164.0,118.0,72.0,985.0
164.0,117.0,72.0,986.0
165.0,116.0,72.0,987.0
164.0,118.0,73.0,988.0
164.0,118.0,73.0,989.0
163.0,119.0,73.0,990.0
164.0,119.0,73.0,991.0
165.0,120.0,73.0,992.0
166.0,119.0,73.0,993.0
165.0,117.0,74.0,994.0
164.0,118.0,73.0,995.0
163.0,118.0,73.0,996.0
164.0,117.0,72.0,997.0
164.0,119.0,72.0,998.0
165.0,119.0,72.0,999.0
164.0,120.0,71.0,1000.0
165.0,122.0,70.0,1001.0
166.0,122.0,70.0,1002.0
165.0,123.0,70.0,1003.0
165.0,123.0,70.0,1004.0
165.0,122.0,72.0,1005.0
166.0,120.0,71.0,1006.0
165.0,120.0,71.0,1007.0
164.0,119.0,72.0,1008.0
164.0,117.0,71.0,1009.0
165.0,117.0,72.0,1010.0
166.0,118.0,71.0,1011.0
165.0,120.0,72.0,1012.0
164.0,120.0,72.0,1013.0
165.0,121.0,72.0,1014.0
164.0,120.0,72.0,1015.0
165.0,118.0,72.0,1016.0
164.0,117.0,71.0,1017.0
165.0,117.0,71.0,1018.0
164.0,118.0,71.0,1019.0
164.0,120.0,72.0,1020.0
165.0,122.0,70.0,1021.0
164.0,124.0,70.0,1022.0
164.0,125.0,70.0,1023.0
164.0,127.0,71.0,1024.0
164.0,127.0,71.0,1025.0
165.0,125.0,71.0,1026.0
164.0,124.0,71.0,1027.0
163.0,126.0,70.0,1028.0
164.0,125.0,70.0,1029.0
163.0,123.0,70.0,1030.0
164.0,122.0,70.0,1031.0
166.0,122.0,68.0,1032.0
167.0,120.0,69.0,1033.0
165.0,118.0,71.0,1034.0
163.0,118.0,72.0,1035.0
165.0,119.0,73.0,1036.0
164.0,118.0,72.0,1037.0
165.0,119.0,72.0,1038.0
165.0,118.0,72.0,1039.0
166.0,117.0,72.0,1040.0
165.0,117.0,73.0,1041.0
165.0,115.0,72.0,1042.0
165.0,114.0,73.0,1043.0
164.0,114.0,73.0,1044.0
163.0,115.0,72.0,1045.0
164.0,115.0,72.0,1046.0
164.0,116.0,71.0,1047.0
164.0,116.0,70.0,1048.0
165.0,117.0,71.0,1049.0
164.0,119.0,71.0,1050.0
164.0,119.0,71.0,1051.0
163.0,119.0,71.0,1052.0
165.0,120.0,71.0,1053.0
164.0,119.0,71.0,1054.0
166.0,118.0,72.0,1055.0
164.0,117.0,72.0,1056.0
164.0,117.0,72.0,1057.0
164.0,118.0,71.0,1058.0
164.0,117.0,71.0,1059.0
163.0,118.0,71.0,1060.0
164.0,118.0,70.0,1061.0
166.0,118.0,70.0,1062.0
166.0,119.0,70.0,1063.0
166.0,120.0,70.0,1064.0
164.0,121.0,71.0,1065.0
166.0,122.0,71.0,1066.0
164.0,122.0,72.0,1067.0
164.0,122.0,72.0,1068.0
164.0,122.0,72.0,1069.0
166.0,122.0,72.0,1070.0
164.0,122.0,72.0,1071.0
164.0,123.0,72.0,1072.0
164.0,123.0,72.0,1073.0
164.0,123.0,72.0,1074.0
165.0,122.0,71.0,1075.0
163.0,122.0,70.0,1076.0
164.0,122.0,70.0,1077.0
167.0,123.0,71.0,1078.0
165.0,123.0,72.0,1079.0
163.0,123.0,72.0,1080.0
164.0,122.0,72.0,1081.0
165.0,122.0,72.0,1082.0
165.0,120.0,72.0,1083.0
163.0,121.0,71.0,1084.0
165.0,121.0,71.0,1085.0
167.0,122.0,72.0,1086.0
166.0,122.0,74.0,1087.0
165.0,120.0,74.0,1088.0
164.0,120.0,74.0,1089.0
163.0,119.0,73.0,1090.0
164.0,122.0,73.0,1091.0
165.0,123.0,72.0,1092.0
164.0,122.0,72.0,1093.0
165.0,121.0,71.0,1094.0
165.0,121.0,72.0,1095.0
165.0,122.0,73.0,1096.0
163.0,123.0,73.0,1097.0
165.0,122.0,74.0,1098.0
164.0,120.0,72.0,1099.0
165.0,120.0,72.0,1100.0
165.0,119.0,72.0,1101.0
164.0,119.0,72.0,1102.0
164.0,119.0,72.0,1103.0
164.0,117.0,72.0,1104.0
164.0,119.0,72.0,1105.0
164.0,120.0,72.0,1106.0
165.0,120.0,72.0,1107.0
165.0,121.0,72.0,1108.0
165.0,122.0,71.0,1109.0
167.0,122.0,71.0,1110.0
165.0,123.0,72.0,1111.0
165.0,122.0,73.0,1112.0
164.0,122.0,73.0,1113.0
165.0,121.0,73.0,1114.0
164.0,121.0,72.0,1115.0
164.0,121.0,72.0,1116.0
165.0,122.0,72.0,1117.0
165.0,123.0,72.0,1118.0
164.0,121.0,71.0,1119.0
164.0,122.0,71.0,1120.0
165.0,122.0,71.0,1121.0
164.0,122.0,71.0,1122.0
165.0,122.0,71.0,1123.0
167.0,123.0,71.0,1124.0
165.0,123.0,72.0,1125.0
165.0,124.0,73.0,1126.0
166.0,122.0,74.0,1127.0
165.0,122.0,74.0,1128.0
164.0,122.0,75.0,1129.0
167.0,121.0,76.0,1130.0
165.0,123.0,77.0,1131.0
164.0,123.0,78.0,1132.0
164.0,121.0,77.0,1133.0
164.0,120.0,77.0,1134.0
164.0,118.0,75.0,1135.0
164.0,117.0,74.0,1136.0
164.0,115.0,73.0,1137.0
164.0,115.0,73.0,1138.0
165.0,115.0,73.0,1139.0
165.0,116.0,72.0,1140.0
164.0,116.0,72.0,1141.0
164.0,117.0,72.0,1142.0
165.0,117.0,71.0,1143.0
165.0,117.0,72.0,1144.0
164.0,118.0,71.0,1145.0
164.0,118.0,70.0,1146.0
165.0,119.0,70.0,1147.0
165.0,119.0,70.0,1148.0
165.0,119.0,71.0,1149.0
164.0,118.0,71.0,1150.0
166.0,118.0,72.0,1151.0
164.0,118.0,72.0,1152.0
164.0,117.0,72.0,1153.0
164.0,116.0,72.0,1154.0
164.0,117.0,72.0,1155.0
164.0,118.0,71.0,1156.0
163.0,119.0,70.0,1157.0
164.0,117.0,70.0,1158.0
164.0,118.0,69.0,1159.0
166.0,119.0,70.0,1160.0
165.0,119.0,69.0,1161.0
165.0,120.0,69.0,1162.0
164.0,120.0,70.0,1163.0
165.0,120.0,70.0,1164.0
166.0,118.0,70.0,1165.0
167.0,119.0,71.0,1166.0
168.0,119.0,74.0,1167.0
167.0,119.0,77.0,1168.0
163.0,120.0,79.0,1169.0
163.0,118.0,80.0,1170.0
165.0,117.0,77.0,1171.0
164.0,116.0,76.0,1172.0
164.0,117.0,76.0,1173.0
166.0,115.0,75.0,1174.0
163.0,114.0,76.0,1175.0
163.0,114.0,76.0,1176.0
164.0,114.0,74.0,1177.0
165.0,114.0,74.0,1178.0
165.0,113.0,74.0,1179.0
166.0,113.0,74.0,1180.0
164.0,112.0,74.0,1181.0
165.0,112.0,74.0,1182.0
165.0,114.0,73.0,1183.0
165.0,114.0,73.0,1184.0
166.0,116.0,74.0,1185.0
169.0,118.0,75.0,1186.0
165.0,120.0,79.0,1187.0
164.0,122.0,80.0,1188.0
164.0,122.0,79.0,1189.0
164.0,121.0,79.0,1190.0
164.0,119.0,79.0,1191.0
164.0,117.0,77.0,1192.0
165.0,117.0,76.0,1193.0
165.0,116.0,76.0,1194.0
166.0,115.0,76.0,1195.0
165.0,115.0,78.0,1196.0
165.0,115.0,77.0,1197.0
164.0,114.0,78.0,1198.0
164.0,115.0,78.0,1199.0
164.0,115.0,78.0,1200.0
164.0,117.0,78.0,1201.0
163.0,118.0,76.0,1202.0
164.0,120.0,75.0,1203.0
165.0,121.0,74.0,1204.0
166.0,121.0,75.0,1205.0
165.0,122.0,75.0,1206.0
165.0,122.0,76.0,1207.0
165.0,122.0,76.0,1208.0
164.0,122.0,75.0,1209.0
164.0,122.0,75.0,1210.0
166.0,123.0,76.0,1211.0
164.0,124.0,75.0,1212.0
166.0,123.0,76.0,1213.0
165.0,122.0,77.0,1214.0
164.0,121.0,77.0,1215.0
165.0,120.0,78.0,1216.0
164.0,120.0,77.0,1217.0
165.0,120.0,77.0,1218.0
164.0,119.0,76.0,1219.0
165.0,118.0,76.0,1220.0
164.0,118.0,77.0,1221.0
164.0,118.0,75.0,1222.0
166.0,117.0,75.0,1223.0
166.0,115.0,75.0,1224.0
165.0,115.0,76.0,1225.0
164.0,116.0,77.0,1226.0
165.0,115.0,77.0,1227.0
165.0,115.0,75.0,1228.0
165.0,116.0,76.0,1229.0
165.0,115.0,76.0,1230.0
164.0,114.0,76.0,1231.0
166.0,112.0,77.0,1232.0
165.0,110.0,76.0,1233.0
164.0,108.0,76.0,1234.0
165.0,108.0,75.0,1235.0
165.0,109.0,75.0,1236.0
164.0,109.0,76.0,1237.0
165.0,109.0,74.0,1238.0
164.0,109.0,74.0,1239.0
164.0,108.0,73.0,1240.0
164.0,110.0,72.0,1241.0
165.0,112.0,72.0,1242.0
167.0,112.0,73.0,1243.0
164.0,110.0,75.0,1244.0
165.0,110.0,76.0,1245.0
167.0,111.0,76.0,1246.0
167.0,113.0,77.0,1247.0
165.0,115.0,79.0,1248.0
165.0,116.0,80.0,1249.0
165.0,115.0,80.0,1250.0
163.0,115.0,80.0,1251.0
165.0,116.0,80.0,1252.0
165.0,117.0,79.0,1253.0
163.0,117.0,79.0,1254.0
164.0,117.0,78.0,1255.0
165.0,117.0,78.0,1256.0
164.0,117.0,79.0,1257.0
164.0,118.0,78.0,1258.0
164.0,118.0,77.0,1259.0
165.0,117.0,77.0,1260.0
163.0,119.0,76.0,1261.0
163.0,120.0,76.0,1262.0
165.0,122.0,73.0,1263.0
165.0,123.0,72.0,1264.0
163.0,124.0,71.0,1265.0
161.0,126.0,71.0,1266.0
164.0,128.0,69.0,1267.0
162.0,130.0,68.0,1268.0
167.0,130.0,67.0,1269.0
170.0,130.0,67.0,1270.0
168.0,130.0,70.0,1271.0
164.0,130.0,75.0,1272.0
163.0,129.0,77.0,1273.0
164.0,128.0,76.0,1274.0
165.0,128.0,74.0,1275.0
166.0,128.0,74.0,1276.0
165.0,128.0,75.0,1277.0
164.0,128.0,76.0,1278.0
165.0,129.0,77.0,1279.0
164.0,130.0,77.0,1280.0
165.0,131.0,78.0,1281.0
165.0,131.0,77.0,1282.0
163.0,132.0,77.0,1283.0
164.0,132.0,76.0,1284.0
166.0,133.0,75.0,1285.0
168.0,134.0,78.0,1286.0
165.0,135.0,79.0,1287.0
165.0,135.0,80.0,1288.0
164.0,139.0,81.0,1289.0
165.0,139.0,82.0,1290.0
164.0,139.0,82.0,1291.0
163.0,138.0,81.0,1292.0
165.0,137.0,80.0,1293.0
164.0,138.0,78.0,1294.0
162.0,137.0,78.0,1295.0
163.0,137.0,76.0,1296.0
168.0,136.0,74.0,1297.0
165.0,137.0,75.0,1298.0
164.0,139.0,78.0,1299.0
164.0,139.0,79.0,1300.0
163.0,139.0,77.0,1301.0
163.0,140.0,77.0,1302.0
166.0,140.0,76.0,1303.0
164.0,140.0,77.0,1304.0
164.0,139.0,78.0,1305.0
167.0,140.0,80.0,1306.0
166.0,138.0,82.0,1307.0
162.0,138.0,84.0,1308.0
39.0,137.0,84.0,1309.0
0.0,137.0,84.0,1310.0
0.0,136.0,0.0,1311.0
83.0,134.0,28.0,1312.0
176.0,133.0,59.0,1313.0
173.0,132.0,60.0,1314.0
166.0,132.0,65.0,1315.0
166.0,131.0,68.0,1316.0
164.0,130.0,68.0,1317.0
165.0,130.0,68.0,1318.0
164.0,131.0,68.0,1319.0
167.0,133.0,69.0,1320.0
165.0,134.0,70.0,1321.0
164.0,133.0,70.0,1322.0
162.0,134.0,69.0,1323.0
164.0,135.0,70.0,1324.0
163.0,134.0,70.0,1325.0
163.0,135.0,68.0,1326.0
162.0,136.0,66.0,1327.0
164.0,138.0,65.0,1328.0
166.0,139.0,64.0,1329.0
174.0,139.0,66.0,1330.0
170.0,137.0,66.0,1331.0
167.0,135.0,73.0,1332.0
164.0,133.0,77.0,1333.0
162.0,132.0,79.0,1334.0
164.0,130.0,78.0,1335.0
164.0,128.0,76.0,1336.0
166.0,127.0,76.0,1337.0
164.0,127.0,79.0,1338.0
164.0,126.0,79.0,1339.0
165.0,126.0,78.0,1340.0
163.0,126.0,77.0,1341.0
165.0,126.0,76.0,1342.0
165.0,126.0,76.0,1343.0
164.0,123.0,75.0,1344.0
164.0,125.0,75.0,1345.0
168.0,123.0,74.0,1346.0
165.0,121.0,76.0,1347.0
162.0,119.0,77.0,1348.0
165.0,119.0,75.0,1349.0
164.0,119.0,75.0,1350.0
163.0,119.0,74.0,1351.0
165.0,118.0,73.0,1352.0
164.0,118.0,73.0,1353.0
165.0,116.0,74.0,1354.0
165.0,115.0,73.0,1355.0
164.0,113.0,72.0,1356.0
164.0,112.0,72.0,1357.0
168.0,112.0,71.0,1358.0
166.0,113.0,73.0,1359.0
163.0,113.0,75.0,1360.0
164.0,114.0,76.0,1361.0
164.0,115.0,75.0,1362.0
166.0,116.0,73.0,1363.0
167.0,118.0,74.0,1364.0
166.0,118.0,74.0,1365.0
165.0,118.0,75.0,1366.0
164.0,118.0,75.0,1367.0
164.0,119.0,75.0,1368.0
165.0,119.0,75.0,1369.0
164.0,119.0,73.0,1370.0
164.0,120.0,72.0,1371.0
165.0,122.0,71.0,1372.0
165.0,123.0,71.0,1373.0
166.0,122.0,72.0,1374.0
164.0,123.0,72.0,1375.0
165.0,124.0,72.0,1376.0
164.0,124.0,72.0,1377.0
164.0,126.0,72.0,1378.0
164.0,125.0,73.0,1379.0
166.0,124.0,72.0,1380.0
166.0,122.0,72.0,1381.0
164.0,122.0,73.0,1382.0
164.0,121.0,73.0,1383.0
164.0,120.0,74.0,1384.0
164.0,120.0,74.0,1385.0
164.0,120.0,74.0,1386.0
164.0,120.0,73.0,1387.0
165.0,122.0,73.0,1388.0
164.0,124.0,74.0,1389.0
166.0,126.0,74.0,1390.0
165.0,126.0,73.0,1391.0
165.0,126.0,72.0,1392.0
170.0,124.0,72.0,1393.0
163.0,123.0,75.0,1394.0
162.0,124.0,79.0,1395.0
162.0,125.0,77.0,1396.0
163.0,125.0,75.0,1397.0
164.0,125.0,73.0,1398.0
165.0,125.0,72.0,1399.0
164.0,126.0,72.0,1400.0
164.0,127.0,71.0,1401.0
165.0,125.0,70.0,1402.0
166.0,124.0,70.0,1403.0
163.0,124.0,70.0,1404.0
163.0,122.0,71.0,1405.0
160.0,124.0,68.0,1406.0
169.0,125.0,68.0,1407.0
167.0,126.0,70.0,1408.0
164.0,126.0,75.0,1409.0
164.0,124.0,77.0,1410.0
163.0,124.0,76.0,1411.0
164.0,124.0,75.0,1412.0
163.0,125.0,74.0,1413.0
163.0,126.0,73.0,1414.0
165.0,127.0,73.0,1415.0
166.0,127.0,72.0,1416.0
164.0,126.0,72.0,1417.0
165.0,126.0,72.0,1418.0
166.0,126.0,73.0,1419.0
165.0,127.0,74.0,1420.0
165.0,127.0,73.0,1421.0
165.0,127.0,72.0,1422.0
165.0,127.0,72.0,1423.0
163.0,127.0,72.0,1424.0
164.0,126.0,73.0,1425.0
165.0,124.0,73.0,1426.0
165.0,124.0,72.0,1427.0
163.0,125.0,71.0,1428.0
163.0,126.0,71.0,1429.0
165.0,127.0,70.0,1430.0
165.0,127.0,70.0,1431.0
165.0,127.0,69.0,1432.0
166.0,126.0,70.0,1433.0
166.0,124.0,71.0,1434.0
165.0,122.0,73.0,1435.0
164.0,121.0,74.0,1436.0
164.0,122.0,74.0,1437.0
164.0,122.0,74.0,1438.0
164.0,120.0,74.0,1439.0
164.0,120.0,73.0,1440.0
164.0,120.0,74.0,1441.0
164.0,118.0,73.0,1442.0
164.0,117.0,73.0,1443.0
164.0,116.0,73.0,1444.0
164.0,116.0,73.0,1445.0
166.0,117.0,73.0,1446.0
163.0,119.0,74.0,1447.0
165.0,120.0,73.0,1448.0
163.0,122.0,73.0,1449.0
164.0,124.0,72.0,1450.0
165.0,125.0,73.0,1451.0
166.0,125.0,72.0,1452.0
164.0,125.0,72.0,1453.0
165.0,125.0,72.0,1454.0
165.0,125.0,72.0,1455.0
164.0,125.0,73.0,1456.0
164.0,125.0,72.0,1457.0
164.0,125.0,72.0,1458.0
163.0,125.0,71.0,1459.0
165.0,125.0,71.0,1460.0
165.0,125.0,70.0,1461.0
165.0,125.0,71.0,1462.0
164.0,124.0,72.0,1463.0
164.0,124.0,72.0,1464.0
164.0,123.0,72.0,1465.0
164.0,123.0,72.0,1466.0
163.0,123.0,72.0,1467.0
164.0,123.0,71.0,1468.0
165.0,123.0,71.0,1469.0
166.0,123.0,71.0,1470.0
163.0,123.0,71.0,1471.0
164.0,123.0,71.0,1472.0
164.0,123.0,70.0,1473.0
164.0,123.0,69.0,1474.0
165.0,124.0,69.0,1475.0
166.0,123.0,70.0,1476.0
164.0,123.0,71.0,1477.0
166.0,123.0,70.0,1478.0
164.0,121.0,70.0,1479.0
166.0,119.0,71.0,1480.0
165.0,118.0,71.0,1481.0
165.0,116.0,73.0,1482.0
163.0,114.0,73.0,1483.0
163.0,116.0,73.0,1484.0
164.0,117.0,72.0,1485.0
164.0,119.0,72.0,1486.0
167.0,121.0,73.0,1487.0
165.0,124.0,74.0,1488.0
164.0,124.0,74.0,1489.0
164.0,123.0,74.0,1490.0
165.0,124.0,73.0,1491.0
164.0,124.0,72.0,1492.0
164.0,123.0,73.0,1493.0
163.0,124.0,71.0,1494.0
166.0,125.0,71.0,1495.0
166.0,125.0,71.0,1496.0
166.0,127.0,72.0,1497.0
166.0,125.0,73.0,1498.0
164.0,124.0,73.0,1499.0
164.0,125.0,73.0,1500.0
164.0,124.0,73.0,1501.0
165.0,123.0,73.0,1502.0
165.0,123.0,73.0,1503.0
164.0,124.0,72.0,1504.0
164.0,124.0,72.0,1505.0
165.0,123.0,72.0,1506.0
165.0,121.0,72.0,1507.0
165.0,120.0,74.0,1508.0
166.0,119.0,74.0,1509.0
163.0,120.0,75.0,1510.0
163.0,121.0,75.0,1511.0
164.0,122.0,73.0,1512.0
165.0,122.0,74.0,1513.0
164.0,124.0,72.0,1514.0
165.0,123.0,72.0,1515.0
165.0,121.0,72.0,1516.0
165.0,119.0,72.0,1517.0
164.0,120.0,73.0,1518.0
165.0,121.0,72.0,1519.0
165.0,123.0,72.0,1520.0
165.0,124.0,72.0,1521.0
165.0,125.0,72.0,1522.0
165.0,126.0,73.0,1523.0
165.0,126.0,72.0,1524.0
165.0,127.0,72.0,1525.0
164.0,127.0,72.0,1526.0
163.0,128.0,70.0,1527.0
163.0,128.0,70.0,1528.0
163.0,128.0,70.0,1529.0
165.0,128.0,68.0,1530.0
167.0,127.0,68.0,1531.0
166.0,126.0,69.0,1532.0
165.0,125.0,70.0,1533.0
164.0,123.0,72.0,1534.0
165.0,121.0,72.0,1535.0
165.0,120.0,73.0,1536.0
165.0,119.0,73.0,1537.0
165.0,118.0,73.0,1538.0
164.0,118.0,73.0,1539.0
164.0,119.0,72.0,1540.0
165.0,120.0,72.0,1541.0
166.0,121.0,72.0,1542.0
165.0,121.0,72.0,1543.0
164.0,122.0,73.0,1544.0
163.0,121.0,72.0,1545.0
164.0,120.0,72.0,1546.0
164.0,120.0,72.0,1547.0
164.0,120.0,71.0,1548.0
163.0,121.0,72.0,1549.0
163.0,121.0,70.0,1550.0
164.0,121.0,70.0,1551.0
168.0,121.0,70.0,1552.0
165.0,121.0,72.0,1553.0
164.0,119.0,74.0,1554.0
164.0,119.0,73.0,1555.0
163.0,118.0,72.0,1556.0
165.0,119.0,72.0,1557.0
165.0,121.0,72.0,1558.0
165.0,122.0,73.0,1559.0
164.0,123.0,72.0,1560.0
164.0,124.0,72.0,1561.0
164.0,125.0,71.0,1562.0
166.0,125.0,71.0,1563.0
165.0,126.0,73.0,1564.0
165.0,125.0,72.0,1565.0
165.0,125.0,71.0,1566.0
164.0,125.0,71.0,1567.0
166.0,126.0,71.0,1568.0
166.0,127.0,71.0,1569.0
164.0,127.0,72.0,1570.0
165.0,127.0,71.0,1571.0
164.0,126.0,71.0,1572.0
165.0,126.0,71.0,1573.0
164.0,126.0,71.0,1574.0
165.0,125.0,71.0,1575.0
164.0,125.0,70.0,1576.0
165.0,125.0,70.0,1577.0
164.0,124.0,70.0,1578.0
165.0,125.0,70.0,1579.0
165.0,125.0,71.0,1580.0
165.0,125.0,71.0,1581.0
163.0,125.0,72.0,1582.0
164.0,126.0,71.0,1583.0
165.0,125.0,71.0,1584.0
164.0,125.0,72.0,1585.0
165.0,124.0,71.0,1586.0
165.0,124.0,71.0,1587.0
165.0,126.0,72.0,1588.0
164.0,126.0,72.0,1589.0
165.0,125.0,73.0,1590.0
164.0,125.0,72.0,1591.0
164.0,125.0,71.0,1592.0
164.0,125.0,72.0,1593.0
165.0,125.0,72.0,1594.0
163.0,125.0,72.0,1595.0
164.0,125.0,71.0,1596.0
164.0,125.0,71.0,1597.0
163.0,124.0,70.0,1598.0
162.0,124.0,70.0,1599.0
164.0,122.0,69.0,1600.0
167.0,121.0,69.0,1601.0
167.0,120.0,69.0,1602.0
169.0,118.0,71.0,1603.0
165.0,119.0,75.0,1604.0
163.0,119.0,77.0,1605.0
163.0,119.0,77.0,1606.0
164.0,119.0,75.0,1607.0
164.0,118.0,74.0,1608.0
164.0,118.0,73.0,1609.0
163.0,119.0,72.0,1610.0
164.0,120.0,72.0,1611.0
166.0,120.0,70.0,1612.0
164.0,121.0,70.0,1613.0
165.0,122.0,70.0,1614.0
164.0,123.0,69.0,1615.0
165.0,125.0,70.0,1616.0
165.0,126.0,69.0,1617.0
164.0,127.0,68.0,1618.0
164.0,127.0,68.0,1619.0
166.0,127.0,68.0,1620.0
165.0,127.0,69.0,1621.0
165.0,127.0,68.0,1622.0
165.0,129.0,68.0,1623.0
165.0,131.0,68.0,1624.0
163.0,132.0,68.0,1625.0
166.0,133.0,69.0,1626.0
163.0,133.0,68.0,1627.0
168.0,135.0,69.0,1628.0
168.0,136.0,71.0,1629.0
164.0,134.0,71.0,1630.0
164.0,134.0,71.0,1631.0
164.0,133.0,74.0,1632.0
164.0,132.0,72.0,1633.0
164.0,131.0,72.0,1634.0
164.0,130.0,71.0,1635.0
163.0,129.0,71.0,1636.0
163.0,128.0,71.0,1637.0
164.0,127.0,70.0,1638.0
163.0,126.0,69.0,1639.0
164.0,127.0,68.0,1640.0
164.0,127.0,68.0,1641.0
164.0,128.0,69.0,1642.0
165.0,129.0,68.0,1643.0
164.0,129.0,68.0,1644.0
165.0,129.0,68.0,1645.0
165.0,129.0,68.0,1646.0
163.0,131.0,69.0,1647.0
165.0,132.0,68.0,1648.0
164.0,132.0,67.0,1649.0
164.0,131.0,67.0,1650.0
165.0,131.0,67.0,1651.0
165.0,130.0,68.0,1652.0
165.0,130.0,67.0,1653.0
165.0,130.0,67.0,1654.0
163.0,129.0,67.0,1655.0
164.0,130.0,66.0,1656.0
165.0,129.0,67.0,1657.0
165.0,129.0,67.0,1658.0
163.0,128.0,66.0,1659.0
165.0,127.0,66.0,1660.0
164.0,126.0,66.0,1661.0
166.0,125.0,65.0,1662.0
165.0,125.0,66.0,1663.0
164.0,125.0,66.0,1664.0
164.0,124.0,66.0,1665.0
164.0,124.0,66.0,1666.0
165.0,124.0,65.0,1667.0
164.0,124.0,66.0,1668.0
163.0,124.0,65.0,1669.0
166.0,124.0,65.0,1670.0
169.0,124.0,65.0,1671.0
167.0,122.0,67.0,1672.0
165.0,123.0,70.0,1673.0
165.0,124.0,71.0,1674.0
165.0,124.0,71.0,1675.0
164.0,123.0,71.0,1676.0
164.0,122.0,71.0,1677.0
165.0,121.0,72.0,1678.0
164.0,122.0,71.0,1679.0
165.0,120.0,71.0,1680.0
164.0,120.0,70.0,1681.0
164.0,121.0,70.0,1682.0
166.0,121.0,71.0,1683.0
165.0,123.0,71.0,1684.0
166.0,123.0,72.0,1685.0
163.0,123.0,73.0,1686.0
164.0,123.0,72.0,1687.0
164.0,123.0,72.0,1688.0
165.0,122.0,70.0,1689.0
165.0,121.0,70.0,1690.0
165.0,121.0,70.0,1691.0
164.0,121.0,70.0,1692.0
165.0,122.0,70.0,1693.0
164.0,122.0,71.0,1694.0
163.0,123.0,70.0,1695.0
164.0,123.0,69.0,1696.0
165.0,123.0,69.0,1697.0
164.0,123.0,68.0,1698.0
164.0,123.0,69.0,1699.0
166.0,123.0,70.0,1700.0
164.0,121.0,70.0,1701.0
165.0,120.0,71.0,1702.0
165.0,119.0,71.0,1703.0
166.0,118.0,70.0,1704.0
166.0,118.0,72.0,1705.0
164.0,119.0,73.0,1706.0
165.0,119.0,73.0,1707.0
164.0,120.0,73.0,1708.0
164.0,121.0,74.0,1709.0
166.0,121.0,73.0,1710.0
166.0,122.0,73.0,1711.0
164.0,121.0,74.0,1712.0
166.0,121.0,75.0,1713.0
165.0,119.0,77.0,1714.0
163.0,117.0,76.0,1715.0
164.0,116.0,74.0,1716.0
165.0,117.0,74.0,1717.0
164.0,118.0,73.0,1718.0
162.0,119.0,73.0,1719.0
167.0,118.0,73.0,1720.0
164.0,116.0,73.0,1721.0
165.0,114.0,74.0,1722.0
164.0,114.0,75.0,1723.0
163.0,114.0,75.0,1724.0
163.0,114.0,75.0,1725.0
163.0,115.0,72.0,1726.0
164.0,115.0,72.0,1727.0
165.0,117.0,71.0,1728.0
164.0,118.0,71.0,1729.0
165.0,118.0,72.0,1730.0
165.0,117.0,72.0,1731.0
165.0,116.0,72.0,1732.0
165.0,114.0,72.0,1733.0
165.0,112.0,72.0,1734.0
165.0,110.0,72.0,1735.0
164.0,108.0,71.0,1736.0
164.0,109.0,71.0,1737.0
164.0,109.0,71.0,1738.0
165.0,110.0,70.0,1739.0
164.0,111.0,71.0,1740.0
165.0,112.0,70.0,1741.0
164.0,114.0,71.0,1742.0
164.0,116.0,71.0,1743.0
165.0,118.0,70.0,1744.0
164.0,120.0,71.0,1745.0
165.0,121.0,70.0,1746.0
165.0,122.0,70.0,1747.0
165.0,122.0,70.0,1748.0
165.0,123.0,70.0,1749.0
166.0,121.0,70.0,1750.0
164.0,122.0,71.0,1751.0
166.0,122.0,70.0,1752.0
163.0,122.0,70.0,1753.0
167.0,124.0,71.0,1754.0
164.0,124.0,72.0,1755.0
163.0,125.0,74.0,1756.0
164.0,125.0,72.0,1757.0
163.0,126.0,70.0,1758.0
164.0,125.0,69.0,1759.0
164.0,125.0,69.0,1760.0
164.0,125.0,70.0,1761.0
165.0,126.0,69.0,1762.0
165.0,127.0,70.0,1763.0
163.0,127.0,69.0,1764.0
165.0,127.0,68.0,1765.0
165.0,128.0,68.0,1766.0
163.0,128.0,68.0,1767.0
164.0,129.0,67.0,1768.0
163.0,129.0,66.0,1769.0
163.0,129.0,65.0,1770.0
165.0,129.0,65.0,1771.0
165.0,129.0,64.0,1772.0
166.0,128.0,65.0,1773.0
165.0,127.0,66.0,1774.0
163.0,126.0,66.0,1775.0
165.0,125.0,67.0,1776.0
165.0,125.0,66.0,1777.0
165.0,124.0,66.0,1778.0
164.0,123.0,66.0,1779.0
165.0,125.0,66.0,1780.0
166.0,125.0,66.0,1781.0
165.0,125.0,66.0,1782.0
164.0,126.0,67.0,1783.0
165.0,126.0,68.0,1784.0
166.0,126.0,69.0,1785.0
165.0,126.0,69.0,1786.0
165.0,125.0,70.0,1787.0
164.0,127.0,69.0,1788.0
165.0,129.0,69.0,1789.0
164.0,129.0,69.0,1790.0
165.0,128.0,68.0,1791.0
164.0,128.0,69.0,1792.0
164.0,127.0,68.0,1793.0
169.0,126.0,68.0,1794.0
168.0,124.0,71.0,1795.0
164.0,124.0,76.0,1796.0
164.0,124.0,77.0,1797.0
163.0,123.0,76.0,1798.0
165.0,123.0,76.0,1799.0
164.0,121.0,75.0,1800.0
165.0,119.0,74.0,1801.0
165.0,119.0,75.0,1802.0
165.0,118.0,74.0,1803.0
166.0,117.0,75.0,1804.0
165.0,118.0,77.0,1805.0
165.0,118.0,78.0,1806.0
165.0,117.0,78.0,1807.0
165.0,115.0,77.0,1808.0
164.0,114.0,77.0,1809.0
165.0,115.0,76.0,1810.0
165.0,117.0,76.0,1811.0
166.0,119.0,77.0,1812.0
165.0,121.0,77.0,1813.0
165.0,123.0,77.0,1814.0
163.0,125.0,77.0,1815.0
164.0,126.0,77.0,1816.0
165.0,126.0,76.0,1817.0
165.0,125.0,77.0,1818.0
165.0,125.0,76.0,1819.0
164.0,124.0,77.0,1820.0
164.0,124.0,77.0,1821.0
165.0,125.0,77.0,1822.0
164.0,126.0,78.0,1823.0
163.0,124.0,77.0,1824.0
164.0,123.0,77.0,1825.0
163.0,124.0,76.0,1826.0
165.0,126.0,76.0,1827.0
165.0,128.0,77.0,1828.0
164.0,129.0,77.0,1829.0
165.0,129.0,77.0,1830.0
165.0,129.0,77.0,1831.0
165.0,130.0,77.0,1832.0
164.0,130.0,78.0,1833.0
165.0,132.0,77.0,1834.0
164.0,132.0,76.0,1835.0
165.0,132.0,76.0,1836.0
164.0,132.0,76.0,1837.0
164.0,132.0,77.0,1838.0
164.0,131.0,76.0,1839.0
164.0,132.0,75.0,1840.0
166.0,132.0,75.0,1841.0
166.0,132.0,77.0,1842.0
165.0,132.0,79.0,1843.0
162.0,133.0,77.0,1844.0
162.0,132.0,77.0,1845.0
162.0,133.0,75.0,1846.0
164.0,134.0,73.0,1847.0
165.0,133.0,72.0,1848.0
165.0,132.0,72.0,1849.0
163.0,132.0,71.0,1850.0
164.0,131.0,70.0,1851.0
164.0,131.0,69.0,1852.0
164.0,130.0,68.0,1853.0
167.0,129.0,69.0,1854.0
167.0,128.0,69.0,1855.0
165.0,129.0,71.0,1856.0
163.0,130.0,72.0,1857.0
165.0,131.0,72.0,1858.0
164.0,131.0,72.0,1859.0
163.0,131.0,71.0,1860.0
165.0,132.0,70.0,1861.0
164.0,134.0,69.0,1862.0
164.0,134.0,69.0,1863.0
164.0,138.0,70.0,1864.0
165.0,139.0,68.0,1865.0
167.0,140.0,68.0,1866.0
170.0,140.0,70.0,1867.0
167.0,139.0,75.0,1868.0
164.0,139.0,80.0,1869.0
164.0,139.0,79.0,1870.0
163.0,139.0,78.0,1871.0
163.0,139.0,77.0,1872.0
165.0,139.0,76.0,1873.0
165.0,139.0,77.0,1874.0
164.0,138.0,76.0,1875.0
165.0,138.0,76.0,1876.0
165.0,137.0,75.0,1877.0
164.0,137.0,75.0,1878.0
164.0,136.0,76.0,1879.0
164.0,136.0,75.0,1880.0
164.0,136.0,75.0,1881.0
165.0,135.0,75.0,1882.0
166.0,135.0,77.0,1883.0
166.0,134.0,77.0,1884.0
163.0,133.0,79.0,1885.0
162.0,133.0,79.0,1886.0
163.0,132.0,77.0,1887.0
164.0,131.0,76.0,1888.0
165.0,131.0,74.0,1889.0
164.0,131.0,74.0,1890.0
166.0,130.0,73.0,1891.0
165.0,132.0,74.0,1892.0
164.0,133.0,75.0,1893.0
165.0,134.0,75.0,1894.0
165.0,135.0,75.0,1895.0
167.0,135.0,74.0,1896.0
166.0,135.0,75.0,1897.0
164.0,135.0,76.0,1898.0
164.0,134.0,77.0,1899.0
164.0,133.0,77.0,1900.0
165.0,135.0,75.0,1901.0
166.0,136.0,74.0,1902.0
166.0,138.0,75.0,1903.0
164.0,138.0,76.0,1904.0
165.0,136.0,78.0,1905.0
165.0,135.0,76.0,1906.0
163.0,135.0,76.0,1907.0
164.0,134.0,75.0,1908.0
164.0,134.0,75.0,1909.0
164.0,133.0,75.0,1910.0
165.0,133.0,74.0,1911.0
164.0,132.0,74.0,1912.0
164.0,133.0,74.0,1913.0
164.0,132.0,74.0,1914.0
164.0,132.0,73.0,1915.0
165.0,130.0,74.0,1916.0
165.0,128.0,73.0,1917.0
166.0,126.0,72.0,1918.0
165.0,124.0,73.0,1919.0
165.0,122.0,74.0,1920.0
164.0,120.0,75.0,1921.0
165.0,120.0,75.0,1922.0
165.0,120.0,74.0,1923.0
164.0,119.0,75.0,1924.0
163.0,120.0,75.0,1925.0
164.0,119.0,75.0,1926.0
164.0,120.0,74.0,1927.0
165.0,121.0,73.0,1928.0
166.0,120.0,73.0,1929.0
165.0,120.0,74.0,1930.0
164.0,121.0,76.0,1931.0
164.0,122.0,75.0,1932.0
165.0,120.0,74.0,1933.0
164.0,118.0,73.0,1934.0
164.0,119.0,73.0,1935.0
164.0,119.0,74.0,1936.0
165.0,120.0,74.0,1937.0
166.0,122.0,75.0,1938.0
163.0,122.0,76.0,1939.0
164.0,123.0,76.0,1940.0
165.0,123.0,76.0,1941.0
165.0,123.0,74.0,1942.0
164.0,123.0,74.0,1943.0
164.0,123.0,74.0,1944.0
165.0,121.0,74.0,1945.0
164.0,120.0,74.0,1946.0
166.0,121.0,75.0,1947.0
164.0,122.0,74.0,1948.0
164.0,123.0,74.0,1949.0
165.0,123.0,74.0,1950.0
165.0,122.0,74.0,1951.0
165.0,121.0,75.0,1952.0
164.0,121.0,74.0,1953.0
164.0,121.0,74.0,1954.0
165.0,122.0,74.0,1955.0
164.0,124.0,73.0,1956.0
165.0,124.0,74.0,1957.0
164.0,124.0,73.0,1958.0
165.0,124.0,72.0,1959.0
166.0,125.0,72.0,1960.0
164.0,125.0,73.0,1961.0
164.0,124.0,74.0,1962.0
164.0,123.0,73.0,1963.0
164.0,122.0,73.0,1964.0
164.0,122.0,73.0,1965.0
164.0,122.0,74.0,1966.0
165.0,122.0,75.0,1967.0
164.0,122.0,74.0,1968.0
164.0,121.0,74.0,1969.0
164.0,121.0,74.0,1970.0
164.0,121.0,74.0,1971.0
166.0,121.0,75.0,1972.0
165.0,122.0,74.0,1973.0
164.0,123.0,74.0,1974.0
165.0,122.0,73.0,1975.0
166.0,121.0,73.0,1976.0
165.0,120.0,73.0,1977.0
164.0,120.0,74.0,1978.0
164.0,121.0,74.0,1979.0
165.0,121.0,73.0,1980.0
165.0,121.0,73.0,1981.0
165.0,121.0,73.0,1982.0
165.0,121.0,75.0,1983.0
164.0,120.0,74.0,1984.0
164.0,120.0,74.0,1985.0
164.0,121.0,73.0,1986.0
165.0,120.0,73.0,1987.0
165.0,119.0,73.0,1988.0
164.0,120.0,72.0,1989.0
164.0,121.0,72.0,1990.0
166.0,122.0,72.0,1991.0
167.0,122.0,73.0,1992.0
165.0,121.0,75.0,1993.0
163.0,119.0,76.0,1994.0
164.0,118.0,75.0,1995.0
165.0,117.0,74.0,1996.0
163.0,118.0,74.0,1997.0
165.0,119.0,74.0,1998.0
164.0,119.0,72.0,1999.0
165.0,118.0,72.0,2000.0
166.0,119.0,73.0,2001.0
164.0,119.0,73.0,2002.0
165.0,120.0,74.0,2003.0
165.0,121.0,74.0,2004.0
164.0,122.0,74.0,2005.0
165.0,122.0,75.0,2006.0
165.0,123.0,75.0,2007.0
164.0,123.0,75.0,2008.0
165.0,123.0,76.0,2009.0
165.0,124.0,74.0,2010.0
164.0,125.0,74.0,2011.0
166.0,126.0,75.0,2012.0
164.0,126.0,75.0,2013.0
164.0,126.0,76.0,2014.0
166.0,127.0,74.0,2015.0
164.0,127.0,74.0,2016.0
168.0,126.0,75.0,2017.0
164.0,125.0,77.0,2018.0
164.0,125.0,79.0,2019.0
165.0,126.0,77.0,2020.0
165.0,126.0,76.0,2021.0
165.0,127.0,76.0,2022.0
164.0,126.0,75.0,2023.0
164.0,125.0,75.0,2024.0
168.0,124.0,74.0,2025.0
163.0,122.0,76.0,2026.0
165.0,121.0,77.0,2027.0
165.0,123.0,77.0,2028.0
165.0,125.0,78.0,2029.0
163.0,125.0,77.0,2030.0
163.0,125.0,76.0,2031.0
164.0,125.0,75.0,2032.0
164.0,127.0,74.0,2033.0
165.0,129.0,75.0,2034.0
165.0,130.0,74.0,2035.0
164.0,130.0,73.0,2036.0
163.0,130.0,73.0,2037.0
165.0,131.0,72.0,2038.0
165.0,130.0,74.0,2039.0
166.0,129.0,74.0,2040.0
165.0,129.0,73.0,2041.0
166.0,129.0,74.0,2042.0
166.0,128.0,75.0,2043.0
164.0,128.0,76.0,2044.0
165.0,127.0,77.0,2045.0
164.0,128.0,76.0,2046.0
165.0,128.0,75.0,2047.0
165.0,128.0,75.0,2048.0
164.0,126.0,74.0,2049.0
165.0,125.0,75.0,2050.0
165.0,124.0,74.0,2051.0
165.0,123.0,74.0,2052.0
164.0,124.0,74.0,2053.0
166.0,122.0,74.0,2054.0
167.0,122.0,75.0,2055.0
166.0,122.0,76.0,2056.0
163.0,123.0,77.0,2057.0
165.0,123.0,78.0,2058.0
164.0,122.0,77.0,2059.0
164.0,122.0,79.0,2060.0
164.0,122.0,77.0,2061.0
165.0,123.0,76.0,2062.0
164.0,123.0,75.0,2063.0
164.0,124.0,75.0,2064.0
164.0,124.0,76.0,2065.0
164.0,123.0,75.0,2066.0
164.0,122.0,74.0,2067.0
164.0,122.0,74.0,2068.0
165.0,122.0,74.0,2069.0
164.0,121.0,75.0,2070.0
164.0,121.0,73.0,2071.0
165.0,121.0,73.0,2072.0
164.0,121.0,73.0,2073.0
165.0,122.0,72.0,2074.0
164.0,123.0,72.0,2075.0
167.0,124.0,73.0,2076.0
167.0,126.0,73.0,2077.0
166.0,128.0,74.0,2078.0
166.0,129.0,74.0,2079.0
165.0,129.0,77.0,2080.0
164.0,127.0,79.0,2081.0
163.0,126.0,78.0,2082.0
163.0,126.0,76.0,2083.0
164.0,125.0,75.0,2084.0
165.0,124.0,74.0,2085.0
165.0,123.0,75.0,2086.0
166.0,123.0,74.0,2087.0
165.0,124.0,74.0,2088.0
164.0,124.0,74.0,2089.0
165.0,124.0,74.0,2090.0
164.0,124.0,75.0,2091.0
164.0,123.0,75.0,2092.0
165.0,121.0,75.0,2093.0
166.0,119.0,75.0,2094.0
164.0,121.0,75.0,2095.0
165.0,123.0,77.0,2096.0
165.0,125.0,76.0,2097.0
165.0,129.0,77.0,2098.0
165.0,131.0,76.0,2099.0
165.0,133.0,76.0,2100.0
164.0,135.0,77.0,2101.0
164.0,136.0,75.0,2102.0
164.0,137.0,74.0,2103.0
165.0,136.0,74.0,2104.0
165.0,135.0,74.0,2105.0
165.0,133.0,74.0,2106.0
162.0,132.0,77.0,2107.0
164.0,132.0,75.0,2108.0
164.0,133.0,74.0,2109.0
165.0,134.0,74.0,2110.0
165.0,134.0,74.0,2111.0
165.0,135.0,76.0,2112.0
164.0,136.0,75.0,2113.0
164.0,137.0,75.0,2114.0
165.0,138.0,74.0,2115.0
164.0,140.0,74.0,2116.0
164.0,141.0,75.0,2117.0
165.0,143.0,74.0,2118.0
165.0,144.0,74.0,2119.0
164.0,144.0,74.0,2120.0
164.0,143.0,74.0,2121.0
165.0,142.0,75.0,2122.0
165.0,142.0,74.0,2123.0
166.0,143.0,74.0,2124.0
165.0,143.0,75.0,2125.0
164.0,144.0,75.0,2126.0
164.0,144.0,76.0,2127.0
165.0,144.0,75.0,2128.0
164.0,144.0,75.0,2129.0
165.0,143.0,75.0,2130.0
164.0,142.0,75.0,2131.0
163.0,143.0,76.0,2132.0
165.0,142.0,74.0,2133.0
169.0,143.0,76.0,2134.0
164.0,143.0,79.0,2135.0
164.0,144.0,80.0,2136.0
165.0,144.0,81.0,2137.0
164.0,145.0,79.0,2138.0
165.0,147.0,79.0,2139.0
166.0,147.0,80.0,2140.0
166.0,146.0,80.0,2141.0
163.0,146.0,81.0,2142.0
164.0,145.0,81.0,2143.0
165.0,143.0,80.0,2144.0
165.0,141.0,80.0,2145.0
164.0,140.0,80.0,2146.0
164.0,138.0,79.0,2147.0
165.0,138.0,80.0,2148.0
164.0,137.0,78.0,2149.0
164.0,135.0,78.0,2150.0
164.0,131.0,79.0,2151.0
164.0,131.0,78.0,2152.0
167.0,129.0,79.0,2153.0
168.0,127.0,79.0,2154.0
165.0,125.0,82.0,2155.0
165.0,124.0,84.0,2156.0
165.0,123.0,84.0,2157.0
163.0,121.0,84.0,2158.0
164.0,120.0,81.0,2159.0
165.0,119.0,80.0,2160.0
165.0,118.0,80.0,2161.0
165.0,118.0,80.0,2162.0
165.0,117.0,82.0,2163.0
165.0,119.0,81.0,2164.0
165.0,121.0,81.0,2165.0
163.0,123.0,81.0,2166.0
166.0,125.0,81.0,2167.0
164.0,126.0,82.0,2168.0
163.0,127.0,81.0,2169.0
164.0,126.0,80.0,2170.0
165.0,126.0,79.0,2171.0
164.0,126.0,79.0,2172.0
165.0,126.0,79.0,2173.0
164.0,126.0,77.0,2174.0
164.0,124.0,76.0,2175.0
165.0,124.0,76.0,2176.0
165.0,125.0,76.0,2177.0
165.0,123.0,76.0,2178.0
164.0,123.0,77.0,2179.0
165.0,123.0,78.0,2180.0
165.0,124.0,78.0,2181.0
164.0,123.0,77.0,2182.0
164.0,124.0,77.0,2183.0
165.0,125.0,77.0,2184.0
166.0,126.0,77.0,2185.0
164.0,128.0,78.0,2186.0
164.0,130.0,78.0,2187.0
165.0,131.0,78.0,2188.0
165.0,131.0,78.0,2189.0
165.0,131.0,76.0,2190.0
166.0,131.0,76.0,2191.0
165.0,131.0,77.0,2192.0
165.0,131.0,77.0,2193.0
164.0,130.0,79.0,2194.0
164.0,131.0,77.0,2195.0
165.0,131.0,77.0,2196.0
164.0,133.0,77.0,2197.0
164.0,135.0,76.0,2198.0
165.0,136.0,77.0,2199.0
166.0,135.0,77.0,2200.0
165.0,134.0,77.0,2201.0
164.0,134.0,77.0,2202.0
165.0,134.0,77.0,2203.0
166.0,136.0,79.0,2204.0
165.0,136.0,79.0,2205.0
165.0,136.0,79.0,2206.0
165.0,137.0,79.0,2207.0
165.0,139.0,80.0,2208.0
164.0,139.0,80.0,2209.0
164.0,141.0,81.0,2210.0
165.0,142.0,79.0,2211.0
163.0,140.0,78.0,2212.0
164.0,139.0,78.0,2213.0
164.0,138.0,77.0,2214.0
165.0,137.0,78.0,2215.0
165.0,135.0,78.0,2216.0
163.0,133.0,77.0,2217.0
164.0,131.0,77.0,2218.0
165.0,129.0,76.0,2219.0
165.0,129.0,76.0,2220.0
166.0,128.0,75.0,2221.0
163.0,127.0,76.0,2222.0
166.0,125.0,76.0,2223.0
165.0,125.0,76.0,2224.0
165.0,124.0,77.0,2225.0
164.0,124.0,77.0,2226.0
166.0,123.0,77.0,2227.0
165.0,123.0,78.0,2228.0
165.0,123.0,78.0,2229.0
165.0,123.0,80.0,2230.0
165.0,124.0,79.0,2231.0
165.0,126.0,79.0,2232.0
165.0,127.0,79.0,2233.0
163.0,127.0,78.0,2234.0
165.0,127.0,79.0,2235.0
163.0,126.0,77.0,2236.0
165.0,124.0,76.0,2237.0
164.0,125.0,77.0,2238.0
164.0,127.0,77.0,2239.0
165.0,129.0,79.0,2240.0
164.0,130.0,79.0,2241.0
163.0,131.0,78.0,2242.0
165.0,132.0,78.0,2243.0
165.0,132.0,77.0,2244.0
164.0,133.0,78.0,2245.0
165.0,133.0,79.0,2246.0
164.0,133.0,77.0,2247.0
164.0,133.0,77.0,2248.0
165.0,133.0,77.0,2249.0
165.0,132.0,77.0,2250.0
164.0,131.0,78.0,2251.0
166.0,131.0,77.0,2252.0
164.0,131.0,77.0,2253.0
165.0,131.0,77.0,2254.0
164.0,131.0,77.0,2255.0
166.0,131.0,78.0,2256.0
164.0,132.0,78.0,2257.0
165.0,133.0,78.0,2258.0
164.0,133.0,77.0,2259.0
165.0,134.0,77.0,2260.0
165.0,134.0,77.0,2261.0
166.0,134.0,77.0,2262.0
165.0,133.0,77.0,2263.0
165.0,133.0,77.0,2264.0
164.0,132.0,77.0,2265.0
165.0,132.0,78.0,2266.0
164.0,132.0,77.0,2267.0
164.0,132.0,76.0,2268.0
164.0,132.0,76.0,2269.0
165.0,131.0,76.0,2270.0
165.0,131.0,76.0,2271.0
164.0,132.0,78.0,2272.0
164.0,132.0,77.0,2273.0
165.0,132.0,77.0,2274.0
165.0,130.0,77.0,2275.0
165.0,131.0,77.0,2276.0
164.0,131.0,79.0,2277.0
164.0,132.0,78.0,2278.0
165.0,132.0,77.0,2279.0
165.0,133.0,76.0,2280.0
165.0,133.0,76.0,2281.0
166.0,133.0,78.0,2282.0
164.0,134.0,79.0,2283.0
165.0,134.0,79.0,2284.0
165.0,135.0,79.0,2285.0
165.0,135.0,78.0,2286.0
163.0,135.0,79.0,2287.0
164.0,135.0,78.0,2288.0
164.0,135.0,78.0,2289.0
163.0,135.0,77.0,2290.0
165.0,135.0,77.0,2291.0
164.0,135.0,77.0,2292.0
165.0,135.0,76.0,2293.0
165.0,134.0,76.0,2294.0
165.0,134.0,76.0,2295.0
164.0,134.0,78.0,2296.0
165.0,134.0,79.0,2297.0
165.0,134.0,78.0,2298.0
163.0,135.0,78.0,2299.0
165.0,135.0,77.0,2300.0
166.0,135.0,77.0,2301.0
166.0,134.0,77.0,2302.0
166.0,134.0,79.0,2303.0
165.0,134.0,78.0,2304.0
165.0,134.0,79.0,2305.0
165.0,134.0,79.0,2306.0
163.0,134.0,79.0,2307.0
164.0,134.0,80.0,2308.0
163.0,134.0,78.0,2309.0
165.0,134.0,78.0,2310.0
165.0,134.0,77.0,2311.0
165.0,134.0,77.0,2312.0
164.0,135.0,78.0,2313.0
165.0,135.0,76.0,2314.0
165.0,135.0,76.0,2315.0
165.0,135.0,76.0,2316.0
164.0,135.0,77.0,2317.0
165.0,135.0,78.0,2318.0
164.0,135.0,77.0,2319.0
165.0,135.0,76.0,2320.0
166.0,134.0,75.0,2321.0
166.0,134.0,76.0,2322.0
165.0,134.0,78.0,2323.0
164.0,134.0,77.0,2324.0
163.0,134.0,77.0,2325.0
164.0,135.0,76.0,2326.0
164.0,136.0,75.0,2327.0
165.0,135.0,75.0,2328.0
165.0,134.0,75.0,2329.0
165.0,133.0,74.0,2330.0
164.0,132.0,74.0,2331.0
165.0,132.0,74.0,2332.0
166.0,131.0,76.0,2333.0
164.0,131.0,76.0,2334.0
163.0,131.0,75.0,2335.0
165.0,131.0,75.0,2336.0
167.0,132.0,74.0,2337.0
165.0,132.0,76.0,2338.0
163.0,134.0,78.0,2339.0
164.0,136.0,77.0,2340.0
164.0,138.0,76.0,2341.0
164.0,137.0,75.0,2342.0
164.0,135.0,75.0,2343.0
164.0,134.0,75.0,2344.0
163.0,133.0,73.0,2345.0
164.0,132.0,72.0,2346.0
164.0,132.0,72.0,2347.0
164.0,132.0,71.0,2348.0
164.0,132.0,72.0,2349.0
164.0,132.0,71.0,2350.0
164.0,132.0,71.0,2351.0
164.0,133.0,71.0,2352.0
165.0,133.0,70.0,2353.0
172.0,133.0,71.0,2354.0
168.0,133.0,77.0,2355.0
162.0,132.0,82.0,2356.0
163.0,133.0,81.0,2357.0
164.0,133.0,78.0,2358.0
164.0,133.0,78.0,2359.0
165.0,134.0,76.0,2360.0
165.0,134.0,76.0,2361.0
165.0,134.0,76.0,2362.0
165.0,134.0,75.0,2363.0
163.0,134.0,75.0,2364.0
164.0,134.0,73.0,2365.0
166.0,134.0,72.0,2366.0
164.0,134.0,72.0,2367.0
164.0,132.0,73.0,2368.0
164.0,132.0,74.0,2369.0
164.0,132.0,72.0,2370.0
165.0,131.0,72.0,2371.0
164.0,131.0,72.0,2372.0
165.0,129.0,72.0,2373.0
165.0,129.0,72.0,2374.0
165.0,129.0,74.0,2375.0
164.0,130.0,73.0,2376.0
164.0,130.0,73.0,2377.0
165.0,130.0,73.0,2378.0
165.0,128.0,73.0,2379.0
165.0,128.0,74.0,2380.0
164.0,127.0,72.0,2381.0
165.0,126.0,72.0,2382.0
163.0,126.0,73.0,2383.0
164.0,125.0,73.0,2384.0
167.0,124.0,74.0,2385.0
164.0,126.0,75.0,2386.0
164.0,127.0,77.0,2387.0
163.0,126.0,77.0,2388.0
163.0,126.0,76.0,2389.0
164.0,126.0,76.0,2390.0
164.0,125.0,74.0,2391.0
165.0,124.0,74.0,2392.0
164.0,125.0,74.0,2393.0
164.0,127.0,73.0,2394.0
164.0,129.0,74.0,2395.0
164.0,131.0,73.0,2396.0
165.0,133.0,72.0,2397.0
164.0,134.0,72.0,2398.0
163.0,134.0,72.0,2399.0
165.0,135.0,73.0,2400.0
168.0,135.0,72.0,2401.0
167.0,135.0,74.0,2402.0
165.0,136.0,76.0,2403.0
164.0,137.0,76.0,2404.0
164.0,138.0,76.0,2405.0
164.0,139.0,74.0,2406.0
164.0,138.0,73.0,2407.0
164.0,140.0,73.0,2408.0
164.0,140.0,72.0,2409.0
165.0,142.0,73.0,2410.0
166.0,144.0,72.0,2411.0
166.0,144.0,72.0,2412.0
165.0,145.0,73.0,2413.0
165.0,146.0,73.0,2414.0
165.0,145.0,73.0,2415.0
165.0,144.0,74.0,2416.0
164.0,142.0,73.0,2417.0
165.0,142.0,74.0,2418.0
165.0,143.0,74.0,2419.0
165.0,144.0,75.0,2420.0
165.0,144.0,76.0,2421.0
165.0,143.0,75.0,2422.0
165.0,141.0,74.0,2423.0
164.0,143.0,74.0,2424.0
164.0,143.0,73.0,2425.0
165.0,141.0,74.0,2426.0
166.0,139.0,73.0,2427.0
166.0,137.0,74.0,2428.0
165.0,135.0,75.0,2429.0
166.0,133.0,75.0,2430.0
165.0,133.0,76.0,2431.0
165.0,133.0,75.0,2432.0
164.0,131.0,75.0,2433.0
165.0,131.0,75.0,2434.0
164.0,130.0,75.0,2435.0
164.0,130.0,76.0,2436.0
165.0,131.0,75.0,2437.0
165.0,132.0,75.0,2438.0
167.0,132.0,76.0,2439.0
165.0,133.0,78.0,2440.0
164.0,133.0,78.0,2441.0
165.0,132.0,76.0,2442.0
165.0,131.0,76.0,2443.0
165.0,131.0,76.0,2444.0
164.0,131.0,76.0,2445.0
164.0,131.0,75.0,2446.0
164.0,130.0,76.0,2447.0
164.0,129.0,75.0,2448.0
165.0,129.0,76.0,2449.0
165.0,129.0,76.0,2450.0
165.0,128.0,76.0,2451.0
165.0,128.0,78.0,2452.0
166.0,128.0,77.0,2453.0
165.0,128.0,78.0,2454.0
165.0,128.0,78.0,2455.0
164.0,128.0,77.0,2456.0
165.0,129.0,78.0,2457.0
165.0,129.0,77.0,2458.0
165.0,129.0,77.0,2459.0
163.0,129.0,77.0,2460.0
164.0,129.0,76.0,2461.0
164.0,129.0,75.0,2462.0
165.0,129.0,74.0,2463.0
165.0,129.0,74.0,2464.0
164.0,128.0,74.0,2465.0
163.0,128.0,73.0,2466.0
163.0,127.0,74.0,2467.0
165.0,126.0,72.0,2468.0
164.0,125.0,72.0,2469.0
165.0,125.0,71.0,2470.0
165.0,125.0,71.0,2471.0
165.0,124.0,72.0,2472.0
165.0,124.0,72.0,2473.0
165.0,123.0,72.0,2474.0
165.0,123.0,72.0,2475.0
166.0,122.0,72.0,2476.0
166.0,122.0,72.0,2477.0
167.0,123.0,74.0,2478.0
170.0,125.0,75.0,2479.0
168.0,125.0,81.0,2480.0
163.0,125.0,90.0,2481.0
164.0,126.0,93.0,2482.0
165.0,126.0,91.0,2483.0
165.0,126.0,89.0,2484.0
163.0,127.0,89.0,2485.0
164.0,126.0,89.0,2486.0
164.0,124.0,89.0,2487.0
163.0,124.0,90.0,2488.0
163.0,125.0,88.0,2489.0
164.0,125.0,87.0,2490.0
165.0,125.0,85.0,2491.0
164.0,125.0,84.0,2492.0
164.0,126.0,84.0,2493.0
165.0,126.0,83.0,2494.0
164.0,126.0,83.0,2495.0
164.0,127.0,83.0,2496.0
165.0,127.0,82.0,2497.0
165.0,127.0,83.0,2498.0
166.0,126.0,83.0,2499.0
165.0,126.0,84.0,2500.0
166.0,125.0,85.0,2501.0
165.0,125.0,86.0,2502.0
163.0,125.0,87.0,2503.0
164.0,125.0,85.0,2504.0
165.0,125.0,84.0,2505.0
165.0,125.0,84.0,2506.0
165.0,125.0,85.0,2507.0
165.0,125.0,86.0,2508.0
165.0,126.0,86.0,2509.0
165.0,126.0,85.0,2510.0
164.0,126.0,85.0,2511.0
164.0,126.0,85.0,2512.0
165.0,126.0,85.0,2513.0
164.0,126.0,84.0,2514.0
164.0,126.0,84.0,2515.0
163.0,127.0,84.0,2516.0
164.0,127.0,82.0,2517.0
167.0,127.0,82.0,2518.0
165.0,127.0,82.0,2519.0
164.0,127.0,83.0,2520.0
165.0,127.0,82.0,2521.0
166.0,126.0,82.0,2522.0
164.0,126.0,82.0,2523.0
164.0,125.0,83.0,2524.0
163.0,125.0,82.0,2525.0
165.0,125.0,81.0,2526.0
165.0,125.0,80.0,2527.0
165.0,125.0,80.0,2528.0
164.0,125.0,81.0,2529.0
164.0,126.0,80.0,2530.0
164.0,126.0,80.0,2531.0
165.0,126.0,80.0,2532.0
165.0,127.0,80.0,2533.0
165.0,127.0,82.0,2534.0
165.0,128.0,81.0,2535.0
164.0,128.0,81.0,2536.0
164.0,128.0,81.0,2537.0
164.0,128.0,81.0,2538.0
165.0,128.0,82.0,2539.0
166.0,128.0,80.0,2540.0
166.0,127.0,81.0,2541.0
166.0,127.0,82.0,2542.0
164.0,126.0,82.0,2543.0
164.0,125.0,84.0,2544.0
164.0,124.0,83.0,2545.0
164.0,123.0,82.0,2546.0
165.0,123.0,82.0,2547.0
165.0,122.0,82.0,2548.0
164.0,122.0,83.0,2549.0
164.0,121.0,81.0,2550.0
165.0,123.0,81.0,2551.0
165.0,123.0,81.0,2552.0
164.0,123.0,82.0,2553.0
163.0,121.0,81.0,2554.0
163.0,120.0,81.0,2555.0
165.0,121.0,78.0,2556.0
165.0,121.0,77.0,2557.0
164.0,120.0,76.0,2558.0
164.0,122.0,76.0,2559.0
164.0,124.0,77.0,2560.0
165.0,126.0,76.0,2561.0
165.0,127.0,75.0,2562.0
165.0,128.0,75.0,2563.0
164.0,130.0,75.0,2564.0
164.0,131.0,77.0,2565.0
164.0,131.0,76.0,2566.0
165.0,130.0,76.0,2567.0
166.0,130.0,76.0,2568.0
164.0,131.0,76.0,2569.0
166.0,131.0,77.0,2570.0
165.0,131.0,77.0,2571.0
165.0,130.0,77.0,2572.0
164.0,129.0,77.0,2573.0
165.0,128.0,77.0,2574.0
164.0,124.0,78.0,2575.0
164.0,122.0,77.0,2576.0
165.0,121.0,77.0,2577.0
167.0,119.0,77.0,2578.0
167.0,118.0,79.0,2579.0
165.0,119.0,82.0,2580.0
167.0,119.0,82.0,2581.0
164.0,121.0,83.0,2582.0
163.0,122.0,83.0,2583.0
164.0,124.0,82.0,2584.0
163.0,125.0,82.0,2585.0
164.0,127.0,80.0,2586.0
164.0,128.0,79.0,2587.0
165.0,129.0,79.0,2588.0
165.0,130.0,79.0,2589.0
164.0,132.0,78.0,2590.0
165.0,133.0,79.0,2591.0
164.0,134.0,79.0,2592.0
164.0,135.0,78.0,2593.0
164.0,137.0,78.0,2594.0
164.0,139.0,77.0,2595.0
165.0,141.0,78.0,2596.0
165.0,143.0,77.0,2597.0
165.0,143.0,77.0,2598.0
164.0,145.0,77.0,2599.0
164.0,147.0,77.0,2600.0
163.0,146.0,78.0,2601.0
164.0,145.0,77.0,2602.0
164.0,145.0,76.0,2603.0
164.0,146.0,75.0,2604.0
164.0,147.0,74.0,2605.0
164.0,148.0,74.0,2606.0
165.0,148.0,74.0,2607.0
165.0,148.0,74.0,2608.0
164.0,147.0,74.0,2609.0
165.0,149.0,74.0,2610.0
165.0,150.0,75.0,2611.0
166.0,148.0,75.0,2612.0
165.0,147.0,76.0,2613.0
164.0,146.0,76.0,2614.0
164.0,144.0,76.0,2615.0
164.0,143.0,76.0,2616.0
164.0,142.0,75.0,2617.0
164.0,141.0,76.0,2618.0
165.0,140.0,76.0,2619.0
165.0,140.0,75.0,2620.0
164.0,137.0,76.0,2621.0
164.0,136.0,75.0,2622.0
164.0,135.0,75.0,2623.0
164.0,134.0,75.0,2624.0
164.0,134.0,75.0,2625.0
165.0,135.0,76.0,2626.0
163.0,136.0,77.0,2627.0
164.0,136.0,75.0,2628.0
164.0,137.0,74.0,2629.0
165.0,137.0,73.0,2630.0
164.0,138.0,73.0,2631.0
165.0,138.0,74.0,2632.0
163.0,139.0,73.0,2633.0
169.0,139.0,72.0,2634.0
168.0,139.0,74.0,2635.0
164.0,139.0,77.0,2636.0
163.0,138.0,80.0,2637.0
163.0,138.0,78.0,2638.0
165.0,138.0,77.0,2639.0
164.0,139.0,76.0,2640.0
164.0,140.0,76.0,2641.0
163.0,141.0,76.0,2642.0
166.0,142.0,75.0,2643.0
165.0,142.0,75.0,2644.0
164.0,142.0,75.0,2645.0
165.0,142.0,75.0,2646.0
165.0,142.0,75.0,2647.0
165.0,143.0,75.0,2648.0
165.0,144.0,76.0,2649.0
163.0,143.0,76.0,2650.0
165.0,141.0,75.0,2651.0
165.0,140.0,75.0,2652.0
165.0,138.0,75.0,2653.0
165.0,137.0,75.0,2654.0
164.0,136.0,74.0,2655.0
164.0,136.0,74.0,2656.0
165.0,136.0,75.0,2657.0
165.0,137.0,74.0,2658.0
165.0,136.0,74.0,2659.0
165.0,136.0,74.0,2660.0
165.0,135.0,74.0,2661.0
164.0,134.0,75.0,2662.0
165.0,134.0,74.0,2663.0
164.0,136.0,74.0,2664.0
164.0,136.0,73.0,2665.0
164.0,135.0,73.0,2666.0
165.0,134.0,73.0,2667.0
164.0,132.0,74.0,2668.0
164.0,133.0,73.0,2669.0
165.0,133.0,73.0,2670.0
166.0,132.0,73.0,2671.0
166.0,130.0,73.0,2672.0
164.0,129.0,74.0,2673.0
164.0,129.0,73.0,2674.0
165.0,130.0,74.0,2675.0
165.0,130.0,74.0,2676.0
164.0,130.0,74.0,2677.0
165.0,131.0,75.0,2678.0
164.0,133.0,74.0,2679.0
166.0,137.0,74.0,2680.0
166.0,138.0,75.0,2681.0
164.0,138.0,75.0,2682.0
163.0,139.0,76.0,2683.0
164.0,139.0,74.0,2684.0
164.0,139.0,74.0,2685.0
166.0,137.0,74.0,2686.0
165.0,135.0,74.0,2687.0
163.0,136.0,75.0,2688.0
164.0,136.0,75.0,2689.0
164.0,136.0,74.0,2690.0
165.0,138.0,73.0,2691.0
165.0,139.0,73.0,2692.0
165.0,138.0,73.0,2693.0
164.0,138.0,74.0,2694.0
164.0,138.0,73.0,2695.0
165.0,136.0,73.0,2696.0
164.0,134.0,73.0,2697.0
165.0,133.0,73.0,2698.0
165.0,131.0,74.0,2699.0
164.0,130.0,73.0,2700.0
165.0,128.0,72.0,2701.0
163.0,130.0,72.0,2702.0
165.0,131.0,72.0,2703.0
164.0,132.0,72.0,2704.0
166.0,133.0,71.0,2705.0
164.0,133.0,71.0,2706.0
164.0,134.0,72.0,2707.0
164.0,135.0,72.0,2708.0
165.0,134.0,73.0,2709.0
164.0,133.0,72.0,2710.0
167.0,134.0,72.0,2711.0
164.0,135.0,73.0,2712.0
165.0,135.0,74.0,2713.0
165.0,136.0,74.0,2714.0
164.0,136.0,75.0,2715.0
164.0,136.0,73.0,2716.0
164.0,135.0,73.0,2717.0
165.0,135.0,73.0,2718.0
165.0,134.0,74.0,2719.0
165.0,133.0,72.0,2720.0
166.0,131.0,72.0,2721.0
166.0,130.0,73.0,2722.0
166.0,128.0,73.0,2723.0
164.0,127.0,74.0,2724.0
165.0,126.0,74.0,2725.0
165.0,126.0,74.0,2726.0
164.0,125.0,74.0,2727.0
165.0,126.0,74.0,2728.0
165.0,126.0,74.0,2729.0
164.0,126.0,76.0,2730.0
164.0,128.0,76.0,2731.0
165.0,128.0,76.0,2732.0
165.0,128.0,75.0,2733.0
165.0,129.0,75.0,2734.0
165.0,128.0,76.0,2735.0
164.0,128.0,75.0,2736.0
165.0,129.0,75.0,2737.0
165.0,128.0,75.0,2738.0
164.0,127.0,75.0,2739.0
166.0,127.0,75.0,2740.0
165.0,127.0,75.0,2741.0
164.0,126.0,76.0,2742.0
164.0,127.0,76.0,2743.0
165.0,125.0,76.0,2744.0
164.0,125.0,77.0,2745.0
165.0,125.0,75.0,2746.0
165.0,124.0,75.0,2747.0
164.0,124.0,74.0,2748.0
164.0,124.0,74.0,2749.0
165.0,124.0,75.0,2750.0
166.0,125.0,74.0,2751.0
164.0,126.0,74.0,2752.0
164.0,125.0,74.0,2753.0
164.0,125.0,74.0,2754.0
165.0,124.0,74.0,2755.0
164.0,122.0,73.0,2756.0
165.0,120.0,73.0,2757.0
165.0,122.0,73.0,2758.0
165.0,121.0,74.0,2759.0
165.0,122.0,75.0,2760.0
165.0,122.0,75.0,2761.0
163.0,121.0,74.0,2762.0
165.0,121.0,74.0,2763.0
164.0,121.0,74.0,2764.0
164.0,121.0,73.0,2765.0
165.0,122.0,74.0,2766.0
164.0,123.0,73.0,2767.0
165.0,123.0,73.0,2768.0
165.0,123.0,73.0,2769.0
164.0,123.0,73.0,2770.0
164.0,125.0,74.0,2771.0
163.0,126.0,73.0,2772.0
164.0,126.0,72.0,2773.0
165.0,128.0,72.0,2774.0
166.0,128.0,73.0,2775.0
165.0,129.0,75.0,2776.0
164.0,129.0,76.0,2777.0
164.0,130.0,76.0,2778.0
165.0,130.0,76.0,2779.0
165.0,130.0,75.0,2780.0
165.0,131.0,76.0,2781.0
164.0,131.0,74.0,2782.0
164.0,129.0,74.0,2783.0
164.0,128.0,74.0,2784.0
164.0,127.0,74.0,2785.0
164.0,125.0,75.0,2786.0
165.0,127.0,73.0,2787.0
164.0,127.0,73.0,2788.0
165.0,128.0,72.0,2789.0
166.0,128.0,73.0,2790.0
164.0,127.0,74.0,2791.0
164.0,127.0,73.0,2792.0
165.0,127.0,72.0,2793.0
169.0,126.0,73.0,2794.0
166.0,126.0,76.0,2795.0
165.0,126.0,78.0,2796.0
165.0,126.0,77.0,2797.0
163.0,126.0,77.0,2798.0
164.0,124.0,76.0,2799.0
163.0,122.0,75.0,2800.0
164.0,121.0,74.0,2801.0
166.0,120.0,75.0,2802.0
165.0,119.0,73.0,2803.0
164.0,119.0,73.0,2804.0
164.0,119.0,73.0,2805.0
164.0,118.0,73.0,2806.0
165.0,116.0,74.0,2807.0
163.0,114.0,73.0,2808.0
164.0,114.0,73.0,2809.0
166.0,114.0,73.0,2810.0
164.0,115.0,74.0,2811.0
165.0,117.0,75.0,2812.0
165.0,118.0,75.0,2813.0
164.0,120.0,75.0,2814.0
164.0,120.0,75.0,2815.0
164.0,121.0,74.0,2816.0
166.0,121.0,75.0,2817.0
166.0,122.0,74.0,2818.0
164.0,122.0,75.0,2819.0
164.0,123.0,74.0,2820.0
166.0,123.0,74.0,2821.0
165.0,125.0,75.0,2822.0
165.0,125.0,75.0,2823.0
165.0,126.0,74.0,2824.0
164.0,126.0,74.0,2825.0
164.0,126.0,74.0,2826.0
164.0,126.0,74.0,2827.0
165.0,126.0,74.0,2828.0
165.0,126.0,73.0,2829.0
165.0,126.0,72.0,2830.0
166.0,126.0,73.0,2831.0
164.0,125.0,74.0,2832.0
166.0,124.0,76.0,2833.0
166.0,122.0,76.0,2834.0
163.0,120.0,77.0,2835.0
164.0,119.0,78.0,2836.0
164.0,118.0,77.0,2837.0
164.0,116.0,77.0,2838.0
166.0,114.0,75.0,2839.0
165.0,114.0,76.0,2840.0
165.0,115.0,76.0,2841.0
165.0,115.0,77.0,2842.0
163.0,116.0,78.0,2843.0
164.0,117.0,77.0,2844.0
165.0,116.0,77.0,2845.0
163.0,118.0,76.0,2846.0
165.0,119.0,76.0,2847.0
165.0,121.0,77.0,2848.0
164.0,123.0,76.0,2849.0
165.0,123.0,75.0,2850.0
164.0,125.0,75.0,2851.0
165.0,127.0,75.0,2852.0
165.0,129.0,76.0,2853.0
165.0,129.0,75.0,2854.0
164.0,128.0,75.0,2855.0
166.0,128.0,76.0,2856.0
164.0,127.0,77.0,2857.0
165.0,126.0,79.0,2858.0
165.0,126.0,77.0,2859.0
163.0,125.0,77.0,2860.0
164.0,125.0,77.0,2861.0
164.0,125.0,77.0,2862.0
164.0,125.0,77.0,2863.0
164.0,125.0,78.0,2864.0
165.0,124.0,77.0,2865.0
164.0,123.0,78.0,2866.0
166.0,123.0,78.0,2867.0
165.0,123.0,79.0,2868.0
165.0,122.0,80.0,2869.0
165.0,123.0,78.0,2870.0
165.0,123.0,77.0,2871.0
164.0,124.0,77.0,2872.0
165.0,124.0,77.0,2873.0
164.0,124.0,78.0,2874.0
164.0,124.0,77.0,2875.0
164.0,124.0,77.0,2876.0
164.0,125.0,76.0,2877.0
164.0,125.0,77.0,2878.0
164.0,125.0,78.0,2879.0
165.0,124.0,78.0,2880.0
164.0,125.0,78.0,2881.0
164.0,125.0,78.0,2882.0
164.0,125.0,77.0,2883.0
166.0,125.0,78.0,2884.0
167.0,124.0,78.0,2885.0
165.0,123.0,80.0,2886.0
165.0,122.0,81.0,2887.0
165.0,122.0,81.0,2888.0
164.0,122.0,83.0,2889.0
164.0,121.0,81.0,2890.0
164.0,121.0,80.0,2891.0
163.0,122.0,80.0,2892.0
163.0,123.0,79.0,2893.0
165.0,123.0,79.0,2894.0
164.0,123.0,79.0,2895.0
164.0,123.0,79.0,2896.0
164.0,124.0,80.0,2897.0
163.0,124.0,80.0,2898.0
165.0,124.0,80.0,2899.0
165.0,124.0,80.0,2900.0
164.0,125.0,79.0,2901.0
165.0,125.0,80.0,2902.0
164.0,125.0,80.0,2903.0
165.0,125.0,80.0,2904.0
164.0,125.0,81.0,2905.0
165.0,125.0,79.0,2906.0
166.0,125.0,79.0,2907.0
165.0,126.0,79.0,2908.0
164.0,126.0,80.0,2909.0
164.0,126.0,80.0,2910.0
166.0,126.0,79.0,2911.0
166.0,126.0,80.0,2912.0
166.0,127.0,81.0,2913.0
164.0,127.0,81.0,2914.0
165.0,127.0,82.0,2915.0
163.0,127.0,82.0,2916.0
165.0,127.0,82.0,2917.0
165.0,128.0,81.0,2918.0
164.0,128.0,81.0,2919.0
165.0,128.0,82.0,2920.0
164.0,128.0,80.0,2921.0
165.0,129.0,79.0,2922.0
165.0,129.0,78.0,2923.0
165.0,129.0,78.0,2924.0
164.0,129.0,79.0,2925.0
164.0,129.0,78.0,2926.0
165.0,129.0,77.0,2927.0
165.0,128.0,77.0,2928.0
164.0,128.0,77.0,2929.0
164.0,127.0,78.0,2930.0
165.0,127.0,78.0,2931.0
164.0,127.0,77.0,2932.0
164.0,127.0,77.0,2933.0
165.0,127.0,77.0,2934.0
165.0,128.0,77.0,2935.0
165.0,128.0,78.0,2936.0
165.0,128.0,77.0,2937.0
166.0,128.0,77.0,2938.0
164.0,128.0,77.0,2939.0
165.0,128.0,78.0,2940.0
165.0,128.0,78.0,2941.0
165.0,128.0,77.0,2942.0
164.0,128.0,77.0,2943.0
165.0,128.0,78.0,2944.0
165.0,127.0,78.0,2945.0
164.0,127.0,80.0,2946.0
164.0,128.0,80.0,2947.0
165.0,128.0,79.0,2948.0
164.0,128.0,78.0,2949.0
164.0,129.0,78.0,2950.0
164.0,129.0,79.0,2951.0
165.0,129.0,78.0,2952.0
165.0,129.0,77.0,2953.0
164.0,129.0,77.0,2954.0
165.0,129.0,78.0,2955.0
165.0,129.0,78.0,2956.0
164.0,129.0,78.0,2957.0
164.0,129.0,78.0,2958.0
165.0,129.0,77.0,2959.0
165.0,129.0,77.0,2960.0
165.0,128.0,77.0,2961.0
164.0,128.0,77.0,2962.0
163.0,128.0,76.0,2963.0
165.0,128.0,75.0,2964.0
164.0,127.0,75.0,2965.0
165.0,128.0,75.0,2966.0
164.0,128.0,77.0,2967.0
166.0,128.0,77.0,2968.0
165.0,128.0,78.0,2969.0
164.0,128.0,78.0,2970.0
166.0,129.0,78.0,2971.0
164.0,129.0,79.0,2972.0
164.0,129.0,78.0,2973.0
163.0,129.0,77.0,2974.0
164.0,129.0,77.0,2975.0
165.0,130.0,77.0,2976.0
165.0,130.0,79.0,2977.0
165.0,130.0,78.0,2978.0
164.0,130.0,78.0,2979.0
164.0,130.0,77.0,2980.0
165.0,131.0,77.0,2981.0
164.0,130.0,78.0,2982.0
165.0,129.0,77.0,2983.0
165.0,128.0,76.0,2984.0
166.0,128.0,76.0,2985.0
165.0,128.0,76.0,2986.0
165.0,128.0,78.0,2987.0
165.0,129.0,77.0,2988.0
165.0,129.0,77.0,2989.0
163.0,129.0,77.0,2990.0
163.0,129.0,76.0,2991.0
164.0,128.0,76.0,2992.0
164.0,127.0,75.0,2993.0
164.0,125.0,75.0,2994.0
164.0,124.0,75.0,2995.0
164.0,123.0,75.0,2996.0
164.0,124.0,75.0,2997.0
164.0,124.0,76.0,2998.0
165.0,124.0,75.0,2999.0
165.0,125.0,74.0,3000.0
165.0,125.0,74.0,3001.0
165.0,126.0,74.0,3002.0
166.0,126.0,76.0,3003.0
166.0,126.0,75.0,3004.0
168.0,127.0,77.0,3005.0
166.0,128.0,79.0,3006.0
163.0,128.0,81.0,3007.0
164.0,128.0,81.0,3008.0
164.0,128.0,79.0,3009.0
163.0,128.0,78.0,3010.0
165.0,129.0,76.0,3011.0
165.0,128.0,76.0,3012.0
164.0,127.0,77.0,3013.0
168.0,127.0,76.0,3014.0
165.0,126.0,78.0,3015.0
